id,q_id,method,retrieve_text,score,source
7e92b74e-86b4-4215-9962-ad99756d6e7e,1,固定大小,"�當「齊柏林衛星」完成拍攝、將資料傳回地面接收站後，影像處理中心人員就會將這些訊號數據解碼、校正與重組，拼貼成一幀幀能夠講述地表故事的照片。

校正流程分為「輻射校正」與「幾何校正」，前者是為了修正大氣或儀器本身帶來的系統性偏差，讓每個像素都能夠反映真實的光強度；後者則是搭配地理影像控制與數值地形模型，校準每一張影像的地理坐標，使其能與地圖、地形精準重疊。當山脈的輪廓開始對齊、河流與建築的位置對焦回現實，影像才能用於防災、救災或是地理研究等實際應用情境。

影像處理中心衛星資料處理組組長張莉雪表示，目前與太空中心合作的客戶有超過9成來自政府部門，「福衛五號」所拍攝的影像多數用於國土監測，包含崩塌地或是農業用地的土地利用監測等。當像是馬太鞍溪堰塞湖潰壩這樣的緊急災害事件發生時，衛星影像也可以比對出地",0.650390625,data_02.txt
ba1d7ec1-858a-490d-abd5-4fa1428beba5,1,滑動視窗,"�國際的新語言。

從太空到地表的連線：衛星傳輸後的影像處理中心解碼、校正
走進國家太空中心的影像處理中心，隔著玻璃窗，我們看見機房裡頭擺放著20多櫃資料處理系統，其中包含3部超級電腦，這些電腦的用途是針對衛星進行任務排程、資料管理、接收，以及成像處理與品質驗證。接下來當「齊柏林衛星」完成拍攝、將資料傳回地面接收站後，影像處理中心人員就會將這些訊號數據解碼、校正與重組，拼貼成一幀幀能夠講述地表故事的照片。

校正流程分為「輻射校正」與「幾何校正」，前者是為了修正大氣或儀器本身帶來的系統性偏差，讓每個像素都能夠反映真實的光強度；後",0.7001953125,data_02.txt
24ad34f3-7407-48f1-b3f8-1643d08cad27,1,語意切塊,校正流程分為「輻射校正」與「幾何校正」，前者是為了修正大氣或儀器本身帶來的系統性偏差，讓每個像素都能夠反映真實的光強度；,0.86669921875,data_02.txt
79270710-a9d1-4c50-8648-5d7c6a016626,2,固定大小,度、高科技和新藥價格的飆漲，仍然吃力，但這個規模已近台灣中央總預算的三分之一，台灣健保投資已追上國民所得相近的國家。我們專訪新任衛福部長石崇良，他開出的首波改革與重整之道，正是對準醫療人力盤點與直美設限，企圖把全民負擔的健保集中火力投在最需要的醫療缺口上，新官上任後的政策支票是否合理，各界可以擴大討論，並且從現在開始，監督可行政策兌現的速度。,0.69775390625,data_03.txt
33bf169f-76e6-49da-adae-6ef0bc194a12,2,滑動視窗,"，不只是醫師本身、更是全體社會。
2026年，台灣的全民健保進入「兆元時代」，儘管要追趕超高齡人口的速度、高科技和新藥價格的飆漲，仍然吃力，但這個規模已近台灣中央總預算的三分之一，台灣健保投資已追上國民所得相近的國家。我們專訪新任衛福部長石崇良，他開出的首波改革與重整之道，正是對準醫療人力盤點與直美設限，企圖把全民負擔的健保集中火力投在最需要的醫療缺口上，新官上任後的政策支票是否合理，各界可以擴大討論，並且從現在開始，監督可行政策兌現的速度。",0.69287109375,data_03.txt
fed152bd-ca13-4bc0-b082-45e0403bbeda,2,語意切塊,我們專訪新任衛福部長石崇良，他開出的首波改革與重整之道，正是對準醫療人力盤點與直美設限，企圖把全民負擔的健保集中火力投在最需要的醫療缺口上，新官上任後的政策支票是否合理，各界可以擴大討論，並且從現在開始，監督可行政策兌現的速度。,0.7119140625,data_03.txt
22e0621f-dd1b-42dd-9e92-8d18142cf218,3,固定大小,"缺水困境。

2025年極端大旱的結果，讓伊朗的農業陷入絕境，農村破產讓伊朗社會的貧困問題加倍嚴重，農作歉收也進一步推升了因政治局勢而通膨失控的民生物價。同時，水庫缺水導致的發電停擺，也讓伊朗各大城市不僅面臨限水，還得面對比往年更加嚴重的限電窘境。
在天災、人禍與戰爭風險同步包夾的多重壓力下，伊朗社會的痛苦指數終於在2025年底攀升至臨界點。儘管伊朗政府為了舒緩民怨，試圖釋放改革訊號，並局部放寬過去因宗教理由而設下的娛樂禁令與部分社會限制，但在國內經濟瀕臨崩潰的現實下，既憤怒又絕望的伊朗民眾即便明知政府必會回應以暴力鎮壓，仍選擇走上街頭，群起掀起一波足以動搖威權統治的抗爭巨浪。

Q2：伊朗政權過去如何回應大規模示威？這一波衝突為何格外嚴重？
A：儘管伊朗是",0.61962890625,data_01.txt
3e40274f-9c44-434d-b943-908250ac3800,3,滑動視窗,"�，伊朗2025年國內通膨率更超過40%，糧食與日用品等民生物價在短短半年內上漲逾60%，其中牛奶、雞蛋與麵包等基本食物的價格，更是飆漲了1倍以上。極為沉重的蕭條壓力，這才逼使走投無路的伊朗人民湧上街頭。
一開始，示威行動只是零星出現，但隨著通膨問題的快速惡化，以都市商人為主的市場商販公會，也從2025年12月開始加入罷工罷市的抗爭行列──此舉，大幅升級並凝聚了伊朗國內對於政府施政不力的憤怒情緒，示威行動亦從首都德黑蘭，迅速蔓延至全國各級城市。

事實上，撼動伊朗政局的這波經濟危機，背後主要有三大原因：

國際社會重新收緊的經濟制裁與石",0.716796875,data_01.txt
285a0b19-2252-4839-9bc1-5838609030f2,3,語意切塊,由於不滿政府無力回應失控的物價通膨與瀕臨崩潰的國內經濟，自2025年12月底起，伊朗各地陸續爆發大規模罷工、罷市與示威抗爭；,0.5810546875,data_01.txt
20611c88-cc7c-4508-8164-0cf2cfcd5ac9,4,固定大小,"�政象徵。

但巴勒維王朝的覆滅，已經是47年前的往事。對於國民年齡中位數只有34歲、6成人口都在40歲以下的現代伊朗而言，舊王朝的威權暴政已是上一代的陌生歷史，但對伊朗伊斯蘭共和國的失望與憤怒卻還是現實裡的日常進行式。因此，當伊朗街頭響起「讓巴勒維王朝回來統治我們」、「國王萬歲！」之際，這些口號反映的其實不是對君主統治的懷念與擁戴，而更像是一種情緒性的宣洩──一種對1979年革命與伊朗伊斯蘭共和國的全面否定與挑釁。

Q4：川普向伊朗示威者喊話「救兵快來了」，是否可能逆轉抗爭局勢？
A：在伊朗政府全面切斷網路並開始武力鎮壓的同時，國際社會也非常關注美國總統川普的下一步行動。這一方面是因為川普政府一直視伊朗政府為全球最大的反美恐怖主義支持者，在2025年6月美軍轟炸伊朗核設施的行動之後，華府要求德黑蘭放�",0.77685546875,data_01.txt
dfcb0c43-cadc-42ce-9270-65898e977995,4,滑動視窗,"�政象徵。

但巴勒維王朝的覆滅，已經是47年前的往事。對於國民年齡中位數只有34歲、6成人口都在40歲以下的現代伊朗而言，舊王朝的威權暴政已是上一代的陌生歷史，但對伊朗伊斯蘭共和國的失望與憤怒卻還是現實裡的日常進行式。因此，當伊朗街頭響起「讓巴勒維王朝回來統治我們」、「國王萬歲！」之際，這些口號反映的其實不是對君主統治的懷念與擁戴，而更像是一種情緒性的宣洩──一種對1979年革命與伊朗伊斯蘭共和國的全面否定與挑釁。

Q4：川普向伊朗示威者喊話「救兵快來了」，是否可能逆轉抗爭局勢？
A：在伊朗政府全面切斷網路並開始武力鎮壓",0.79296875,data_01.txt
f47f8b15-e68c-4f67-9b5e-1fb44a66c2c9,4,語意切塊,"因此，當伊朗街頭響起「讓巴勒維王朝回來統治我們」、「國王萬歲！
」之際，這些口號反映的其實不是對君主統治的懷念與擁戴，而更像是一種情緒性的宣洩──一種對1979年革命與伊朗伊斯蘭共和國的全面否定與挑釁。",0.86962890625,data_01.txt
a8c18070-3e91-4cd7-8181-a8622af5b304,5,固定大小,"�訊製作出「解放軍基地與設施地圖」一夕爆紅，他所使用的衛星遙測影像就包括Google Earth、歐盟哥白尼（Copernicus）的哨兵（Sentinel）衛星、微軟Bing Maps與Apple Maps等，加上查證所完成──這樣的技術稱為公開來源情報（Open Source Intelligence, OSINT），美國國家情報總監（Director of National Intelligence, DNI）定義為「專門從公開或商業可用資訊中獲取的情報，目的在解決特定的情報事項或要求」。
針對遙測衛星在軍事情報上的用途，溫約瑟接受《報導者》採訪時指出，公開且免費取得的影像都會受到限制，沒有辦法即時取得，只能當作背景來使用，「像是從央視看到解放軍新聞，逐格去解構畫面上的車輛編號，以及演習場域的地形地貌，但必須再搭配遙測影像建構的3D圖，以及過往建立的資料庫，比對確切的演習地點，才能再自製出解放軍基地與設施地圖。」

溫約瑟解釋，相較之下，國家或情報單位能直接取得國家遙測影像，再利用OSINT工作者所整理的車輛與地形地貌資�",0.716796875,data_05.txt
d32d7797-c8e7-4d9a-b5c3-b199f1cb6ce6,5,滑動視窗,"、只能做不能說的任務。

精細影像堆疊，OSINT可解析軍事動作與戰術
最被大眾熟知與常被使用的遙測影像是Google Earth，彙整多家遙測影像的虛擬地球，便於使用者操作，遙測影像藉由資訊科技的進步，變成人人可及的資訊。現年26歲、就讀台灣師範大學東亞學系碩士班的溫約瑟，22歲時靠著善用這些公開資訊製作出「解放軍基地與設施地圖」一夕爆紅，他所使用的衛星遙測影像就包括Google Earth、歐盟哥白尼（Copernicus）的哨兵（Sentinel）衛星、微軟Bing Maps與Apple Maps等，加上查證所完成──這樣的技術稱為公開來源情報（Open Source Intelligence, OSINT），美國國家情報總監（Director of National Intelligence, DNI）定義為「專門從公開或商業可用資訊中獲取的情報，目的在解�",0.72900390625,data_05.txt
55067e6d-d018-4bba-90af-2bf97c4261e4,5,語意切塊,"現年26歲、就讀台灣師範大學東亞學系碩士班的溫約瑟，22歲時靠著善用這些公開資訊製作出「解放軍基地與設施地圖」一夕爆紅，他所使用的衛星遙測影像就包括Google Earth、歐盟哥白尼（Copernicus）的哨兵（Sentinel）衛星、微軟Bing Maps與Apple Maps等，加上查證所完成──這樣的技術稱為公開來源情報（Open Source Intelligence, OSINT），美國國家情報總監（Director of National Intelligence, DNI）定義為「專門從公開或商業可用資訊中獲取的情報，目的在解決特定的情報事項或要求」。",0.70361328125,data_05.txt
c6a56f57-b176-4634-9367-42bb853735f4,6,固定大小,"擁有遙測衛星影像，那與美國進行情報交換就能做到互補效果，」他指出，「我們的優勢是在第一島鏈，距離解放軍很近，取得的資訊也跟美國很不一樣，應該是要互補而不是競爭；他幫我們看照其他部分，我們提供他們近海的研析資訊。」
對於國安，吳宗信更是罕見願意多談，他舉例：「更精細的遙測衛星可以拍到油槽上方陰影，而陰影的深淺可以利用三維分析出油槽是滿油還是空槽，長期關注下，在敵方戰備時就能預先研判。」在國防安全上，遙測衛星可以做的情蒐工作還有很多。

下一步：國安單位衛星影像的理解能力亟需「升級」
除了國家太空中心之外，早在1993年成立的中央大學太空遙測中心（CSRSR）也會接受衛星影像，目前可以接受除了自主的「福衛五號」之外，還能還可接收法國SPOT-6/7、及Pléiades 1A/1B的光學遙測影像。

中大遙測中心與這兩個商用衛星簽約，衛星通過以桃園中壢中央大學所在位置",0.6162109375,data_05.txt
1d0db27e-0efa-4a3c-9cc7-a7c73e08d09d,6,滑動視窗,"擁有遙測衛星影像，那與美國進行情報交換就能做到互補效果，」他指出，「我們的優勢是在第一島鏈，距離解放軍很近，取得的資訊也跟美國很不一樣，應該是要互補而不是競爭；他幫我們看照其他部分，我們提供他們近海的研析資訊。」
對於國安，吳宗信更是罕見願意多談，他舉例：「更精細的遙測衛星可以拍到油槽上方陰影，而陰影的深淺可以利用三維分析出油槽是滿油還是空槽，長期關注下，在敵方戰備時就能預先研判。」在國防安全上，遙測衛星可以做的情蒐工作還有很多。

下一步：國安單位衛星影像的理解能力亟需「升級」
除了國家太空中心之外，早在1993年成立的中央大學太空遙測中心（CSRS",0.6513671875,data_05.txt
ceff7357-1969-4b54-8d28-d0ec66350bb2,6,語意切塊,"他幫我們看照其他部分，我們提供他們近海的研析資訊。
」
對於國安，吳宗信更是罕見願意多談，他舉例：「更精細的遙測衛星可以拍到油槽上方陰影，而陰影的深淺可以利用三維分析出油槽是滿油還是空槽，長期關注下，在敵方戰備時就能預先研判。",0.73388671875,data_05.txt
081e135f-b1bb-4ca7-9313-a2b535d692ec,7,固定大小,"波教派衝突，海灣地區的石油與天然氣出口、特別是掌握全球每日約20%石油運輸量的荷姆茲海峽（Strait of Hormuz），也可能因戰亂而遭癱瘓。

除了石油市場的穩定，海灣國家同樣憂心伊朗政局一旦崩潰，將連帶衝擊外資對整個海灣地區的投資信心。更何況，以革命衛隊為核心的伊朗統治菁英，長期以來也將部分資產轉移至卡達、阿拉伯聯合大公國等海灣鄰國，以規避國際制裁；在這樣的背景下，維持私下的合作默契，讓伊朗持續處於「局勢穩定、但仍遭國際制裁孤立」的現狀，也被普遍認為最符合周邊海灣國家的整體利益。

美國與海灣盟邦對伊朗投鼠忌器的躊躇態度，也反映出華府在中東戰略的另一歷史矛盾：伊拉克的教訓。在1991年第一次波灣戰爭之後，伊拉克庫德族以及伊拉克南方的什葉派穆斯林曾爆發武裝起義、挺身反抗獨裁",0.74853515625,data_01.txt
f036b1f2-5b42-4390-bbbe-0d9ca377b573,7,滑動視窗,"�樣的背景下，維持私下的合作默契，讓伊朗持續處於「局勢穩定、但仍遭國際制裁孤立」的現狀，也被普遍認為最符合周邊海灣國家的整體利益。

美國與海灣盟邦對伊朗投鼠忌器的躊躇態度，也反映出華府在中東戰略的另一歷史矛盾：伊拉克的教訓。在1991年第一次波灣戰爭之後，伊拉克庫德族以及伊拉克南方的什葉派穆斯林曾爆發武裝起義、挺身反抗獨裁者海珊（Saddam Hussein）的統治，但其行動卻沒有得到美軍與國際社會的支援，因此很快就遭伊拉克軍隊殘酷鎮壓、甚至報復性的集體屠殺。

然而，2003年英美聯軍入侵伊拉克、以武力推翻海珊政權後",0.65380859375,data_01.txt
c34ef872-8dc5-4f35-80d7-69968f5597d9,7,語意切塊,此外，美國的中東盟邦──包括沙烏地阿拉伯、阿拉伯聯合大公國（UAE）、科威特、卡達、阿曼與巴林等與伊朗相鄰的海灣石油國家，也都極力勸阻川普攻擊伊朗。,0.60986328125,data_01.txt
a95096a9-5b91-40ce-b9d2-59efdf61ca9b,8,固定大小,"國、蘇聯、英國、法國及中國等國，都爭相研製威力更大的核武。

根據美國軍備控制協會統計，自1945年以來，至少有8國在數十處試驗場執行共2056次核試爆，其中520次是早期直接在大氣中引爆，導致放射性物質在大氣層擴散；也有少數在水下進行，已知8次；此外還有1528次在地下引爆，在土壤中留下污染。


核試驗直到1996年多國簽署《全面禁止核試爆條約》後才減少，只有印度、巴基斯坦及北韓等國在此後仍進行核試驗，最近一次是由北韓在2017年時執行。


1949年起，蘇聯在哈薩克小鎮塞米巴拉金斯克設立核試驗秘密基地，執行456次核彈試爆，直到1991年哈薩克政府關閉核設施，核武才不再出現在這塊土地上，然而當地居民的苦痛並未就此停歇。
坐在輪椅上的努塔齊諾夫（Kadyrbek Nurtazinov）就曾是塞米巴拉金斯克居民，他因核輻射而失去雙腿，如今只能在養老院裡度過餘生。
過去當地人",0.72021484375,data_04.txt
a8cb671d-4025-49bd-8cfe-02892b872d24,8,滑動視窗,"�統計，自1945年以來，至少有8國在數十處試驗場執行共2056次核試爆，其中520次是早期直接在大氣中引爆，導致放射性物質在大氣層擴散；也有少數在水下進行，已知8次；此外還有1528次在地下引爆，在土壤中留下污染。


核試驗直到1996年多國簽署《全面禁止核試爆條約》後才減少，只有印度、巴基斯坦及北韓等國在此後仍進行核試驗，最近一次是由北韓在2017年時執行。


1949年起，蘇聯在哈薩克小鎮塞米巴拉金斯克設立核試驗秘密基地，執行456次核彈試爆，直到1991年哈薩克政府關閉核設施，核武才不再出現在這塊土地上，然而當地居民的苦痛並未就此停歇。
坐在輪椅上的努塔齊諾夫（Kadyrbek Nurtazinov",0.71875,data_04.txt
4501dd3a-fc88-4d9c-b835-da9e8aa47079,8,語意切塊,"二戰後全球發動逾2千次核試驗 誰是蕈狀雲下的犧牲者？
二戰結束後，至少有8國執行超過2千次核試驗，地點大多選在偏遠地帶或離島。",0.7685546875,data_04.txt
adc05b7a-9be1-4d83-a45b-8a0c157cfda8,9,固定大小,"用監測等。當像是馬太鞍溪堰塞湖潰壩這樣的緊急災害事件發生時，衛星影像也可以比對出地表變化。


Made with Flourish • Create a photo slider
當Taiwan Can Help走向太空
除了自家國土監測外，衛星資料也幫助台灣在跨國合作中扮演關鍵角色。我國自2010年加入由日本主導的「守望亞洲（Sentinel Asia）」國際志願計畫，此計畫的目的是希望結合擁有衛星資源與分析量能的單位，當亞太地區發生災害事件時，可以調度衛星進行救災與協作。

舉例來說，2023年菲律賓民都洛近海油輪「MT Princess Empress」沉沒造成大規模漏油汙染，衝擊當地海洋生態。台灣調度「福衛五號」協助產出連續油汙範圍判釋圖，支援汙染擴散追蹤與岸線清理決策；2024年日本石川縣能登半島發生規模7.6的地震，後續引發海嘯，太空中心亦協助進行視覺化與數值化分析，觀察海岸、山區土石變化，以及房屋倒塌狀況，估算出實際�",0.791015625,data_02.txt
5a58ad47-cf64-4bb6-b3f2-2940f305b7c7,9,滑動視窗,"扮演關鍵角色。我國自2010年加入由日本主導的「守望亞洲（Sentinel Asia）」國際志願計畫，此計畫的目的是希望結合擁有衛星資源與分析量能的單位，當亞太地區發生災害事件時，可以調度衛星進行救災與協作。

舉例來說，2023年菲律賓民都洛近海油輪「MT Princess Empress」沉沒造成大規模漏油汙染，衝擊當地海洋生態。台灣調度「福衛五號」協助產出連續油汙範圍判釋圖，支援汙染擴散追蹤與岸線清理決策；2024年日本石川縣能登半島發生規模7.6的地震，後續引發海嘯，太空中心亦協助進行視覺化與數值化分析，觀察海岸、山區土石變化，以及房屋倒塌狀況，估算出實際�",0.7841796875,data_02.txt
b58289cb-cb49-480f-ac95-80997964b355,9,語意切塊,我國自2010年加入由日本主導的「守望亞洲（Sentinel Asia）」國際志願計畫，此計畫的目的是希望結合擁有衛星資源與分析量能的單位，當亞太地區發生災害事件時，可以調度衛星進行救災與協作。,0.748046875,data_02.txt
48dba9e4-f2c1-4ffd-9d82-e8d9aed91582,10,固定大小,"國採訪，大家思考的防範或改革手段是什麼？我們也找到台灣首代直美醫師，他不設防的真心話，讓大家看見選擇直美醫師的多層意象。
今年8月歐洲醫醫學教育學會上，特別針對「困難招生科別」進行分享，與直美一樣，這也是全球性的問題，即便在醫師人均比和醫療健保資源相對充足的歐洲國家，急性照護人力也在流失，各國經驗的是：改善年輕醫師的薪資與環境很重要、但價值的支持與醫學教育也很重要，必須讓社會重新看見醫療的「role model」。我們專訪3位艱困科的留守醫師，從他們選擇留下的理由，試圖讓大眾重新看見：醫療的價值與真諦。而守護這個價值的任務，不只是醫師本身、更是全體社會。
2026年，台灣的全民健保進入「兆元時代」，儘管要追趕超高齡人口的速度、高科技和新藥價格的飆漲，仍然吃力，但這個規模已近台灣中央總預算的三分之一，台灣健保投資已",0.5703125,data_03.txt
16f0e921-8c66-4582-a479-8d87fd3c23b9,10,滑動視窗,"，不只是醫師本身、更是全體社會。
2026年，台灣的全民健保進入「兆元時代」，儘管要追趕超高齡人口的速度、高科技和新藥價格的飆漲，仍然吃力，但這個規模已近台灣中央總預算的三分之一，台灣健保投資已追上國民所得相近的國家。我們專訪新任衛福部長石崇良，他開出的首波改革與重整之道，正是對準醫療人力盤點與直美設限，企圖把全民負擔的健保集中火力投在最需要的醫療缺口上，新官上任後的政策支票是否合理，各界可以擴大討論，並且從現在開始，監督可行政策兌現的速度。",0.6728515625,data_03.txt
e2a3a46a-a930-487d-8332-3d4bb57a9a74,10,語意切塊,2026年，台灣的全民健保進入「兆元時代」，儘管要追趕超高齡人口的速度、高科技和新藥價格的飆漲，仍然吃力，但這個規模已近台灣中央總預算的三分之一，台灣健保投資已追上國民所得相近的國家。,0.7509765625,data_03.txt
293c4b69-584b-47db-9d4b-0f6f1fba3dcb,11,固定大小,"�境外流亡NGO的統計：截至1月13日為止，伊朗各地已知超過2,400多人在鎮壓行動中死亡，其中絕大多數是遭政府部隊射殺的示威者──換言之，這已是自1979年伊斯蘭革命以來，伊朗國內死傷最嚴重的政治暴力事件。

根據一段2026年1月9日至11日間拍攝的影片截圖，伊朗首都德黑蘭郊區卡里札克（Kahrizak）的示威活動遭到鎮壓後，民眾在法醫中心外尋找罹難親友的遺體。（攝影／UGC via AP／達志影像）
根據一段2026年1月9日至11日間拍攝的影片截圖，伊朗首都德黑蘭郊區卡里札克（Kahrizak）的示威活動遭到鎮壓後，民眾在法醫中心外尋找罹難親友的遺體。（攝影／UGC via AP／達志影像）
伊朗政府為了阻斷示威者彼此串聯而切斷全國網路與行動通訊，其封鎖強度更是前所未有。事實上，早在2019年11月的伊朗反油價調漲抗爭期間，伊朗政府就曾實施過「全國斷網」。但與當年相比，這一回伊�",0.7841796875,data_01.txt
2309366f-1665-4608-a61b-98d8a409fff4,11,滑動視窗,"斷網際網路與行動通訊，同時動員安全部隊與民兵，全面展開武力鎮壓。截至1月13日為止，伊朗境內已傳出至少20,000人遭到逮捕，短短兩個星期的鎮壓行動，更可能超過2,400人死亡。

儘管伊朗政府不斷強調將不計一切代價地鎮壓這場「暴動」，更威脅以「全面戰爭」警告美國、以色列與鄰近國家切勿干涉伊朗內政，但這場愈滾愈大的全國性抗爭，卻已成為1979年伊朗伊斯蘭革命以來，對伊朗伊斯蘭共和國統治的最大挑戰。不僅美國總統川普（Donald Trump）屢屢揚言「不排除再次對伊朗動武」，伊朗國內外的反政府集會也都出現了「革命」、「推翻伊斯蘭共和國」，甚至",0.79345703125,data_01.txt
6889e0a8-a200-4fae-b22c-175680cdafa8,11,語意切塊,然而，伊朗政府卻將這波行動定調為意圖推翻政權的「恐怖主義行為」，不僅自今年（2026）1月8日起全面切斷網際網路與行動通訊，同時動員安全部隊與民兵，全面展開武力鎮壓。,0.82373046875,data_01.txt
35b6da43-eccb-4863-9f7b-ce8ec310d5ac,12,固定大小,"�主要由成功大學團隊設計，透過衛星平台進行太空驗證，提供大氣電學與物理研究的第一手資料。

國家太空中心更已著手進行「福衛九號」計畫。「福衛九號」將採用「全天候高解析度微波遙測技術」，這樣的技術具備穿透雲層的能力，即使在夜晚或厚雲覆蓋下仍能清晰成像，「福衛九號」將與「福衛八號」的光學遙測衛星互補，構建更完整的對地觀測系統，預計於2027年、2029年發射。

從「福衛五號」、「福衛八號」到即將問世的「福衛九號」，台灣正在嘗試在太空中打造自己的視野。當太空產業自主、資料可控，台灣才能在關鍵時刻不仰賴他人，用自己的眼睛，守護自己的天空。",0.779296875,data_02.txt
8f0b72ac-e487-4a23-b77e-208389b28363,12,滑動視窗,"這樣的技術具備穿透雲層的能力，即使在夜晚或厚雲覆蓋下仍能清晰成像，「福衛九號」將與「福衛八號」的光學遙測衛星互補，構建更完整的對地觀測系統，預計於2027年、2029年發射。

從「福衛五號」、「福衛八號」到即將問世的「福衛九號」，台灣正在嘗試在太空中打造自己的視野。當太空產業自主、資料可控，台灣才能在關鍵時刻不仰賴他人，用自己的眼睛，守護自己的天空。",0.77001953125,data_02.txt
42f05076-e393-4947-8006-aac430c42e69,12,語意切塊,"「福衛九號」將採用「全天候高解析度微波遙測技術」，這樣的技術具備穿透雲層的能力，即使在夜晚或厚雲覆蓋下仍能清晰成像，「福衛九號」將與「福衛八號」的光學遙測衛星互補，構建更完整的對地觀測系統，預計於2027年、2029年發射。
從「福衛五號」、「福衛八號」到即將問世的「福衛九號」，台灣正在嘗試在太空中打造自己的視野。",0.84716796875,data_02.txt
e4a08126-cbf6-4feb-bb8e-5f566c7e40a4,13,固定大小,"�在馬紹爾群島的居民罹患的癌症，有0.4%至3.4%可能由輻射暴露引起；對直接接觸到放射性落塵的居民來說，比例最高更達69%。

美國當時將居住於核試驗場附近的馬紹爾居民遷至美國本土，即使在1970及1980年代曾試圖讓他們返回，但由於部分島嶼仍有輻射污染，有些人至今未能重返家園。

美國當初花費1.05億美元（逾台幣30億元），將超過7.3萬立方公尺的放射性碎片，倒進馬紹爾群島核爆形成的彈坑中，並用巨大的混凝土穹頂覆蓋，被稱為「魯尼特圓頂」。

美國官方在1980年拍攝的魯尼特圓頂。（圖／法新社資料照）

然而，如今穹頂已出現結構弱化跡象，在海平面上升的壓力下可能產生裂縫。美國政府現在主張，建造此坑洞只是為了儲放核廢料，而非保護周遭環境免受污染。

「新一輪核武威脅時代」將來臨？
瑞典智庫斯德哥爾摩國際和平研究所",0.66796875,data_04.txt
300e9743-401a-418b-8cd0-f7af03a2d40e,13,滑動視窗,"性落塵的居民來說，比例最高更達69%。

美國當時將居住於核試驗場附近的馬紹爾居民遷至美國本土，即使在1970及1980年代曾試圖讓他們返回，但由於部分島嶼仍有輻射污染，有些人至今未能重返家園。

美國當初花費1.05億美元（逾台幣30億元），將超過7.3萬立方公尺的放射性碎片，倒進馬紹爾群島核爆形成的彈坑中，並用巨大的混凝土穹頂覆蓋，被稱為「魯尼特圓頂」。

美國官方在1980年拍攝的魯尼特圓頂。（圖／法新社資料照）

然而，如今穹頂已出現結構弱化跡象，在海平面上升的壓力下可能產生裂縫。美國政府現在主張，建造此坑洞只是為了儲放核廢料，而非保護周遭環境�",0.6318359375,data_04.txt
c43bda5f-23bc-4f48-9ea9-c985b0411cfb,13,語意切塊,美國當初花費1.05億美元（逾台幣30億元），將超過7.3萬立方公尺的放射性碎片，倒進馬紹爾群島核爆形成的彈坑中，並用巨大的混凝土穹頂覆蓋，被稱為「魯尼特圓頂」。,0.62451171875,data_04.txt
155bf539-95ba-427d-b436-aef7b6845cec,14,固定大小,"涵蓋了整個衛星製造流程，展示台灣目標打入國際太空產業的決心。

除了持續為台灣進行國土監測與災害應變外，「福衛八號」也將展現在國家安全、科學研究等面向發揮更完整的功能。國家太空中心主任吳宗信舉例，高解析度的影像能用來大面積監測中國海警船等船隻的動態，並與自動識別系統（AIS）資料比對，以偵測那些關閉訊號、從事非法行動的「暗目標」，「甚至我們在影像處理能使用AI去進行監控和預警，搭配起來會對國家安全、經濟活動有戰略保護的功能。」

「福衛八號」的酬載任務，還包括這次「齊柏林衛星」搭載「雙波段大氣瞬變影像儀」與「電子溫度密度儀」，將科學儀器戴上太空，用於觀測閃電、大氣電學與電離層結構變化。這些酬載主要由成功大學團隊設計，透過衛星平台進行太空驗證，提供大氣電學與物理研究的第一手資料。

國",0.6591796875,data_02.txt
538c2b09-ed9f-4225-b6d8-ff45c98ac472,14,滑動視窗,"不漏接
「福衛八號」預計於2031年前完成星系布建，現已規劃陸續接替「福衛五號」的遙測任務。「福衛八號」最大的特色在於它是台灣第一個以建構自主產業鏈為核心目標打造的衛星星系，從結構材料、推進次系統到光學鏡頭，整體系統84%的關鍵元件、57項核心技術由國內研製完成，幾乎涵蓋了整個衛星製造流程，展示台灣目標打入國際太空產業的決心。

除了持續為台灣進行國土監測與災害應變外，「福衛八號」也將展現在國家安全、科學研究等面向發揮更完整的功能。國家太空中心主任吳宗信舉例，高解析度的影像能用來大面積監測中國海警船等船隻的動態，並與自動識別系�",0.76904296875,data_02.txt
5084096f-dd03-424e-89fa-5e5d727587ce,14,語意切塊,「福衛八號」最大的特色在於它是台灣第一個以建構自主產業鏈為核心目標打造的衛星星系，從結構材料、推進次系統到光學鏡頭，整體系統84%的關鍵元件、57項核心技術由國內研製完成，幾乎涵蓋了整個衛星製造流程，展示台灣目標打入國際太空產業的決心。,0.9287109375,data_02.txt
dc9248bf-aa09-43e8-91fe-6b951962f669,15,固定大小,"消失的住院醫師
健保兆元時代，擋得住「直美」風潮與急重難科持續失血嗎？
醫院急重症人力崩塌持續擴大，20年前的內外婦兒「四大皆空」、10年前變成內外婦兒急「五大皆空」，到了今年（2025），甚至因為神經內科24小時取栓的過勞、也引發出走潮，再累加至內外婦兒急神經「六大皆空」。
《報導者》2024年年底推出《誰掏空了醫院人力》專題，以數據資料解析30年最大一波的護理人力出走潮，離開的護理師去哪裡？哪些醫院最留不住人？同時揭露，自費診所3年開了300家，成為急重症科人力巨大的磁石。
數月後我們持續追蹤，醫院人力失血沒有止住，今年度各大醫院多個困難科住院醫師招收持續創新低，我們取得專科醫學會的資料、走訪醫學中心現場，由專家依臨床照顧人力需求指引，完整呈現醫療人力走勢：哪些是人力極度缺乏的紅區、哪裡是拉警報的黃區、�",0.66796875,data_03.txt
9a116176-6843-473c-bfb5-780564ac4149,15,滑動視窗,"消失的住院醫師
健保兆元時代，擋得住「直美」風潮與急重難科持續失血嗎？
醫院急重症人力崩塌持續擴大，20年前的內外婦兒「四大皆空」、10年前變成內外婦兒急「五大皆空」，到了今年（2025），甚至因為神經內科24小時取栓的過勞、也引發出走潮，再累加至內外婦兒急神經「六大皆空」。
《報導者》2024年年底推出《誰掏空了醫院人力》專題，以數據資料解析30年最大一波的護理人力出走潮，離開的護理師去哪裡？哪些醫院最留不住人？同時揭露，自費診所3年開了300家，成為急重症科人力巨大的磁石。
數月後我們持續追蹤，醫院人力失血沒有止住，今年度各大醫院多個困難科�",0.68603515625,data_03.txt
4e07a737-dfcf-4cb6-b0ae-57fba3c298fc,15,語意切塊,"消失的住院醫師
健保兆元時代，擋得住「直美」風潮與急重難科持續失血嗎？
醫院急重症人力崩塌持續擴大，20年前的內外婦兒「四大皆空」、10年前變成內外婦兒急「五大皆空」，到了今年（2025），甚至因為神經內科24小時取栓的過勞、也引發出走潮，再累加至內外婦兒急神經「六大皆空」。",0.64892578125,data_03.txt
dab002de-2cad-47b5-9220-7c416b60ea58,16,固定大小,"吳誠文在起運典禮上表示，「前兩顆衛星會是同樣的解析度，接下來的衛星將朝解析度70公分甚至50公分邁進，利用科技實力守護台灣。」

但也有聲音質疑，既然衛星發射都仰賴馬斯克（Elon Musk）旗下美國太空探索科技公司（SpaceX）的火箭，為什麼不連同遙測影像都跟美國購買就好？況且美國衛星技術也比台灣自主研發的更先進？吳宗信說明，每一顆衛星每天要做什麼事都需要排程，從地面下指令讓遙測衛星來執行，當經過的地點有很多事情要做的時候，就得依照優先順序，若只依靠跟美國購買遙測影像，「台灣要情蒐的影像有比美國（自己的）重要嗎？」吳宗信指出：「我們願意多花多少錢將排序往前挪？愈精細的影像要價愈貴，甚至關乎國家安全的重要事項，通常都是各國自製衛星的第一要務，購買方即使出再多錢都不見得能擠進去。」

「戰略目標不同，想拍的內容也不同，」林穎佑指出，解放軍的「東風系列」",0.73193359375,data_05.txt
61bb10f4-ae16-4766-8955-7022f45e3619,16,滑動視窗,"空探索科技公司（SpaceX）的火箭，為什麼不連同遙測影像都跟美國購買就好？況且美國衛星技術也比台灣自主研發的更先進？吳宗信說明，每一顆衛星每天要做什麼事都需要排程，從地面下指令讓遙測衛星來執行，當經過的地點有很多事情要做的時候，就得依照優先順序，若只依靠跟美國購買遙測影像，「台灣要情蒐的影像有比美國（自己的）重要嗎？」吳宗信指出：「我們願意多花多少錢將排序往前挪？愈精細的影像要價愈貴，甚至關乎國家安全的重要事項，通常都是各國自製衛星的第一要務，購買方即使出再多錢都不見得能擠進去。」

「戰略目標不同，想拍的內容也不同，」林穎佑指出，解放軍的「東風系列」",0.74853515625,data_05.txt
bc3f8dfd-d8ea-476c-809d-ba622e9b8783,16,語意切塊,"況且美國衛星技術也比台灣自主研發的更先進？
吳宗信說明，每一顆衛星每天要做什麼事都需要排程，從地面下指令讓遙測衛星來執行，當經過的地點有很多事情要做的時候，就得依照優先順序，若只依靠跟美國購買遙測影像，「台灣要情蒐的影像有比美國（自己的）重要嗎？",0.76123046875,data_05.txt
c27f4689-1683-4f30-a2cc-895116a2806e,17,固定大小,"照顧人力需求指引，完整呈現醫療人力走勢：哪些是人力極度缺乏的紅區、哪裡是拉警報的黃區、哪裡又是搶破頭的綠區？此外，更深度下探不同專科內嚴重的「科內不均」現象，大專科人力總額不足辨識真正乏人問津、卻不能沒有的次專科分布，衛福部和醫策會長年未完成真正的醫療人力盤點與調查，《報導者》整合多個資料，讓台灣次專科分布圖輪廓首度被看見。
然而，不以專科發展為目標的年輕住院醫師，不進入醫院的選擇是什麼？由日本創造出來的名詞「直美」（Chokubi）、醫學生畢業後直接進入醫美巿場是潮流之一。「直美」規模與影響究竟有多大？在醫療生態系裡，直美醫師的誘因與風險又是什麼？我們有官方的數據以及同樣面臨這股「直美風暴」的日、韓專家跨國採訪，大家思考的防範或改革手段是什麼？我們也找到台灣首代直美醫師，他不設防的真心話，讓大家看",0.654296875,data_03.txt
a68c9c2e-ae9a-4f8a-b77d-392c0c748221,17,滑動視窗,"�裡又是搶破頭的綠區？此外，更深度下探不同專科內嚴重的「科內不均」現象，大專科人力總額不足辨識真正乏人問津、卻不能沒有的次專科分布，衛福部和醫策會長年未完成真正的醫療人力盤點與調查，《報導者》整合多個資料，讓台灣次專科分布圖輪廓首度被看見。
然而，不以專科發展為目標的年輕住院醫師，不進入醫院的選擇是什麼？由日本創造出來的名詞「直美」（Chokubi）、醫學生畢業後直接進入醫美巿場是潮流之一。「直美」規模與影響究竟有多大？在醫療生態系裡，直美醫師的誘因與風險又是什麼？我們有官方的數據以及同樣面臨這股「直美風暴」的日、韓專家跨",0.6650390625,data_03.txt
7312f4e4-b4a8-46fb-8e19-2014198ec307,17,語意切塊,"然而，不以專科發展為目標的年輕住院醫師，不進入醫院的選擇是什麼？
由日本創造出來的名詞「直美」（Chokubi）、醫學生畢業後直接進入醫美巿場是潮流之一。",0.78466796875,data_03.txt
979a19d9-845d-40ec-ac08-62d92c9fd951,18,固定大小,"脅。

例如放射性物質「鍶-90」半衰期達28年，會在生物骨骼中積聚，並導致腫瘤、白血病和其他血液疾病；銫-137的半衰期為30年，可能導致生殖腺輻射暴露與基因損傷；鈽-​​239半衰期則長達2.44萬年，即使只攝取1微克，也會造成骨骼及肺部腫瘤等嚴重危害。

此外，也有學者指出，這些放射性同位素會殘留在土壤及水中，進而入侵動植物體內、在食物鏈累積。德國一項對野豬體內銫污染的研究發現，其中有68%可追溯至全球各地進行的核試驗。

「核試爆能量是7232顆廣島原子彈」 馬紹爾成回不去的家園
1946年至1958年間，美國在馬紹爾群島進行了約66次核試驗，釋放能量相當於7232顆廣島原子彈。

美國國家癌症研究所推估，1948年至1970年間住在馬紹爾群島的居民罹患的癌症，有0.4%至3.4%可能由輻射暴露引起；對直接接觸到放射",0.73388671875,data_04.txt
e13b9e40-101f-4f9c-9195-1868ecc651fc,18,滑動視窗,"脅。

例如放射性物質「鍶-90」半衰期達28年，會在生物骨骼中積聚，並導致腫瘤、白血病和其他血液疾病；銫-137的半衰期為30年，可能導致生殖腺輻射暴露與基因損傷；鈽-​​239半衰期則長達2.44萬年，即使只攝取1微克，也會造成骨骼及肺部腫瘤等嚴重危害。

此外，也有學者指出，這些放射性同位素會殘留在土壤及水中，進而入侵動植物體內、在食物鏈累積。德國一項對野豬體內銫污染的研究發現，其中有68%可追溯至全球各地進行的核試驗。

「核試爆能量是7232顆廣島原子彈」 馬紹爾成回不去的家園
1946年至1958年間，美國在馬紹爾群島進行了",0.7529296875,data_04.txt
10775160-bc2c-4335-8bd5-80f112f72ba2,18,語意切塊,"鈽-​​239半衰期則長達2.44萬年，即使只攝取1微克，也會造成骨骼及肺部腫瘤等嚴重危害。
此外，也有學者指出，這些放射性同位素會殘留在土壤及水中，進而入侵動植物體內、在食物鏈累積。",0.7978515625,data_04.txt
44ea1743-537d-42fc-b6ae-ec6ae42996f2,19,固定大小,"�受污染。

「新一輪核武威脅時代」將來臨？
瑞典智庫斯德哥爾摩國際和平研究所（SIPRI）發布《2025全球核力量年鑑》指出，截至2025年1月，全球約有1萬2241枚核彈頭，其中9614枚屬可供實際部署的軍事庫存，且約有2100枚已搭載在彈道飛彈上，代表處於高度戰備狀態。

報告也分析，美、俄、英、法、中國、印度、巴基斯坦、北韓及以色列等9個擁核國，都仍計畫擴增核武庫，並退出軍備控制協議，加上美俄之間最後一份協議《新削減戰略武器條約》將於2026年2月到期，代表全球已開啟新一輪核武威脅時代。

如今的核武威脅達到冷戰以來的高峰，世界地緣政治局勢也比以往任何時候更動盪不安。",0.6572265625,data_04.txt
98934797-832a-4579-8568-0a4c1c5a1917,19,滑動視窗,"部署的軍事庫存，且約有2100枚已搭載在彈道飛彈上，代表處於高度戰備狀態。

報告也分析，美、俄、英、法、中國、印度、巴基斯坦、北韓及以色列等9個擁核國，都仍計畫擴增核武庫，並退出軍備控制協議，加上美俄之間最後一份協議《新削減戰略武器條約》將於2026年2月到期，代表全球已開啟新一輪核武威脅時代。

如今的核武威脅達到冷戰以來的高峰，世界地緣政治局勢也比以往任何時候更動盪不安。",0.748046875,data_04.txt
4af19173-9a41-44d0-a483-3da86104b07f,19,語意切塊,報告也分析，美、俄、英、法、中國、印度、巴基斯坦、北韓及以色列等9個擁核國，都仍計畫擴增核武庫，並退出軍備控制協議，加上美俄之間最後一份協議《新削減戰略武器條約》將於2026年2月到期，代表全球已開啟新一輪核武威脅時代。,0.84033203125,data_04.txt
0ab5e34f-6472-4197-9d61-0f7c211d3467,20,固定大小,"星星系布建
「福衛八號」是台灣第一個自製的衛星星系，計畫總共要研發6顆原始解析度1公尺的光學遙測衛星，以及2顆原始解析度小於1公尺的超高解析度光學遙測衛星，2025年11月發射第一顆後，預計每年發射至少一顆，至2031年完成6顆衛星的星系布建。解析度方面，前2顆是解析度1公尺，後面4顆將朝0.7公尺努力，2顆超高解析度則是朝0.5公尺挑戰。


完成衛星星系後，讓每天可以通過台灣上方的衛星次數變多。「福衛五號」目前只能每兩天通過台灣1次，如果「福衛八號」星系完成，每天可以通過台灣3次，再訪率提高，可以拍到台灣或其他區域的機會就增加。  

溫約瑟打開他整理的「解放軍基地與設施地圖」指出，目前所知解放軍兩棲登陸演訓的地點只有9個，光憑著中國官媒影像與免費遙測影像就能比對出來，如果有更精細的影像，肯定能做到更多軍情研判。

解放軍也知道台灣有衛星，難道不會盡量掩蔽嗎？林穎佑解釋，掩�",0.7890625,data_05.txt
0525ba3d-2717-481a-8aa2-6ac3db462137,20,滑動視窗,"不漏接
「福衛八號」預計於2031年前完成星系布建，現已規劃陸續接替「福衛五號」的遙測任務。「福衛八號」最大的特色在於它是台灣第一個以建構自主產業鏈為核心目標打造的衛星星系，從結構材料、推進次系統到光學鏡頭，整體系統84%的關鍵元件、57項核心技術由國內研製完成，幾乎涵蓋了整個衛星製造流程，展示台灣目標打入國際太空產業的決心。

除了持續為台灣進行國土監測與災害應變外，「福衛八號」也將展現在國家安全、科學研究等面向發揮更完整的功能。國家太空中心主任吳宗信舉例，高解析度的影像能用來大面積監測中國海警船等船隻的動態，並與自動識別系�",0.69580078125,data_02.txt
cb015879-67ed-453c-a02f-7f637328e029,20,語意切塊,"除了持續為台灣進行國土監測與災害應變外，「福衛八號」也將展現在國家安全、科學研究等面向發揮更完整的功能。
國家太空中心主任吳宗信舉例，高解析度的影像能用來大面積監測中國海警船等船隻的動態，並與自動識別系統（AIS）資料比對，以偵測那些關閉訊號、從事非法行動的「暗目標」，「甚至我們在影像處理能使用AI去進行監控和預警，搭配起來會對國家安全、經濟活動有戰略保護的功能。",0.654296875,data_02.txt
